source_id,source_url,scheme,category,doc_type,title,fetched_at,is_official,verified,status,http_status,chars,error,notes
hdfc_large_cap_scheme_page,https://groww.in/mutual-funds/hdfc-large-cap-fund-direct-growth,HDFC Large Cap Fund - Direct Growth,Large Cap,scheme_page,"HDFC Large Cap Fund Direct Growth - NAV, Mutual Fund Performance & Portfolio",2026-09-28,False,True,ok,200,6515,,Seed URL from the brief.
hdfc_flexi_cap_scheme_page,https://groww.in/mutual-funds/hdfc-equity-fund-direct-growth,HDFC Equity (Flexi Cap) Fund - Direct Growth,Flexi Cap,scheme_page,"HDFC Flexi Cap Direct Plan Growth - NAV, Mutual Fund Performance & Portfolio",2026-09-28,False,True,ok,200,8723,,Seed URL from the brief.
hdfc_elss_scheme_page,https://groww.in/mutual-funds/hdfc-elss-tax-saver-fund-direct-plan-growth,HDFC ELSS Tax Saver Fund - Direct Plan Growth,ELSS,scheme_page,"HDFC ELSS Tax Saver Fund Direct Plan Growth - NAV, Mutual Fund Performance & Portfolio",2026-09-28,False,True,ok,200,6698,,Seed URL from the brief.
hdfc_small_cap_scheme_page,https://groww.in/mutual-funds/hdfc-small-cap-fund-direct-growth,HDFC Small Cap Fund - Direct Growth,Small Cap,scheme_page,"HDFC Small Cap Fund Direct Growth - NAV, Mutual Fund Performance & Portfolio",2026-09-28,False,True,ok,200,9026,,Seed URL from the brief.
hdfc_balanced_advantage_scheme_page,https://groww.in/mutual-funds/hdfc-balanced-advantage-fund-direct-growth,HDFC Balanced Advantage Fund - Direct Growth,Balanced Advantage,scheme_page,"HDFC Balanced Advantage Fund Direct Growth - NAV, Mutual Fund Performance & Portfolio",2026-09-28,False,True,ok,200,30230,,Seed URL from the brief.
hdfcfund_large_cap_official,https://www.hdfcfund.com/explore/mutual-funds/hdfc-large-cap-fund/direct,HDFC Large Cap Fund - Direct Growth,Large Cap,scheme_page,"HDFC Large Cap Fund – Direct Plan | NAV, Returns & SIP | HDFC Mutual Fund",2026-09-28,True,True,ok,200,1441,,Official AMC page. Preferred citation target for Large Cap facts.
hdfcfund_flexi_cap_official,https://www.hdfcfund.com/explore/mutual-funds/hdfc-flexi-cap-fund/direct,HDFC Equity (Flexi Cap) Fund - Direct Growth,Flexi Cap,scheme_page,"HDFC Flexi Cap Fund – Direct Plan | NAV, Returns & SIP | HDFC Mutual Fund",2026-09-28,True,True,ok,200,1373,,Official AMC page. Preferred citation target for Flexi Cap facts.
hdfcfund_elss_official,https://www.hdfcfund.com/explore/mutual-funds/hdfc-elss-tax-saver-fund/direct,HDFC ELSS Tax Saver Fund - Direct Plan Growth,ELSS,scheme_page,"HDFC ELSS - Tax Saver Fund Direct Plan | NAV, Returns & Portfolio | HDFC Mutual Fund",2026-09-28,True,True,ok,200,1127,,Official AMC page. Preferred citation target for ELSS lock-in facts.
hdfcfund_small_cap_official,https://www.hdfcfund.com/explore/mutual-funds/hdfc-small-cap-fund/direct,HDFC Small Cap Fund - Direct Growth,Small Cap,scheme_page,"HDFC Small Cap Fund – Direct Plan | NAV, Returns & SIP | HDFC Mutual Fund",2026-09-28,True,True,ok,200,1355,,Official AMC page. Preferred citation target for Small Cap facts.
hdfcfund_balanced_advantage_official,https://www.hdfcfund.com/explore/mutual-funds/hdfc-balanced-advantage-fund/direct,HDFC Balanced Advantage Fund - Direct Growth,Balanced Advantage,scheme_page,HDFC Balanced Advantage Fund Direct Plan | NAV & Returns | HDFC Mutual Fund,2026-09-28,True,True,ok,200,1662,,Official AMC page. Preferred citation target for Balanced Advantage facts.
hdfcfund_investor_faq,https://www.hdfcfund.com/services/faqs,,,faq,Frequently Asked Questions for Investors | HDFC Mutual Fund,2026-09-28,True,True,ok,200,1408,,"Official AMC FAQ page. Source for procedural facts (statements, tax docs)."
hdfcfund_consolidated_statement,https://www.hdfcfund.com/services/consolidated-account-statement,,,guide,Download Consolidated Account Statement | HDFC Mutual Fund,2026-09-28,True,True,ok,200,761,,Official how-to for downloading account statements. Source for the statement-download intent.
hdfcfund_fees_education,https://www.hdfcfund.com/learn/blog/what-expense-ratio-mutual-funds,,,educational,What Is Expense Ratio in Mutual Funds?,2026-09-28,True,True,ok,200,4329,,AMC-hosted investor education. Educational link for refusals.
hdfcfund_ter_disclosure,https://www.hdfcfund.com/statutory-disclosure/total-expense-ratio-of-mutual-fund-schemes/reports,,,fees,HDFC MF - total expense ratio disclosure reports,2026-09-28,True,True,skipped,200,0,too little text (101 chars < 500),Statutory TER disclosure. Link target when asked about official figures.
amfi_hdfc_member,https://www.amfiindia.com/member/9,,,guide,AMFI Member Details,2026-09-28,True,True,ok,200,2437,,"AMFI registry entry: SEBI reg no, AMC/trustee/registrar details."
amfi_home,https://www.amfiindia.com/,,,educational,AMFI - Association of Mutual Fund Investors,2026-09-28,True,True,skipped,200,0,too little text (474 chars < 500),Industry body. General investor-education link for refusals.
sebi_home,https://www.sebi.gov.in/,,,educational,SEBI - Securities and Exchange Board of India,2026-09-28,True,True,skipped,200,0,too little text (210 chars < 500),Regulator. General investor-education link for refusals.
