source_id,scheme,category,doc_type,is_official,source_url,fetched_at,status
hdfc_large_cap_scheme_page,HDFC Large Cap Fund - Direct Growth,Large Cap,scheme_page,False,https://groww.in/mutual-funds/hdfc-large-cap-fund-direct-growth,2026-09-28,ok
hdfc_flexi_cap_scheme_page,HDFC Equity (Flexi Cap) Fund - Direct Growth,Flexi Cap,scheme_page,False,https://groww.in/mutual-funds/hdfc-equity-fund-direct-growth,2026-09-28,ok
hdfc_elss_scheme_page,HDFC ELSS Tax Saver Fund - Direct Plan Growth,ELSS,scheme_page,False,https://groww.in/mutual-funds/hdfc-elss-tax-saver-fund-direct-plan-growth,2026-09-28,ok
hdfc_small_cap_scheme_page,HDFC Small Cap Fund - Direct Growth,Small Cap,scheme_page,False,https://groww.in/mutual-funds/hdfc-small-cap-fund-direct-growth,2026-09-28,ok
hdfc_balanced_advantage_scheme_page,HDFC Balanced Advantage Fund - Direct Growth,Balanced Advantage,scheme_page,False,https://groww.in/mutual-funds/hdfc-balanced-advantage-fund-direct-growth,2026-09-28,ok
hdfcfund_large_cap_official,HDFC Large Cap Fund - Direct Growth,Large Cap,scheme_page,True,https://www.hdfcfund.com/explore/mutual-funds/hdfc-large-cap-fund/direct,2026-09-28,ok
hdfcfund_flexi_cap_official,HDFC Equity (Flexi Cap) Fund - Direct Growth,Flexi Cap,scheme_page,True,https://www.hdfcfund.com/explore/mutual-funds/hdfc-flexi-cap-fund/direct,2026-09-28,ok
hdfcfund_elss_official,HDFC ELSS Tax Saver Fund - Direct Plan Growth,ELSS,scheme_page,True,https://www.hdfcfund.com/explore/mutual-funds/hdfc-elss-tax-saver-fund/direct,2026-09-28,ok
hdfcfund_small_cap_official,HDFC Small Cap Fund - Direct Growth,Small Cap,scheme_page,True,https://www.hdfcfund.com/explore/mutual-funds/hdfc-small-cap-fund/direct,2026-09-28,ok
hdfcfund_balanced_advantage_official,HDFC Balanced Advantage Fund - Direct Growth,Balanced Advantage,scheme_page,True,https://www.hdfcfund.com/explore/mutual-funds/hdfc-balanced-advantage-fund/direct,2026-09-28,ok
hdfcfund_investor_faq,,,faq,True,https://www.hdfcfund.com/services/faqs,2026-09-28,ok
hdfcfund_consolidated_statement,,,guide,True,https://www.hdfcfund.com/services/consolidated-account-statement,2026-09-28,ok
hdfcfund_fees_education,,,educational,True,https://www.hdfcfund.com/learn/blog/what-expense-ratio-mutual-funds,2026-09-28,ok
hdfcfund_ter_disclosure,,,fees,True,https://www.hdfcfund.com/statutory-disclosure/total-expense-ratio-of-mutual-fund-schemes/reports,2026-09-28,skipped
amfi_hdfc_member,,,guide,True,https://www.amfiindia.com/member/9,2026-09-28,ok
amfi_home,,,educational,True,https://www.amfiindia.com/,2026-09-28,skipped
sebi_home,,,educational,True,https://www.sebi.gov.in/,2026-09-28,skipped
